symbol,sectorGroup,configSector,date,close,currentZone,S1,S1_strength,S2,R1,R1_strength,R2,core12Indicators,mlModel,mlAvgP,mlAvgR,priceStatus,reason,core12Positive,core12Negative,core12Neutral,holdScore,breakRiskScore,finalStatus
AAA,OTHER,ALL,2026-05-19,7.18,7.13-7.19,6.82-6.88,strong,,7.72-7.77,strong,8.13-8.18,MFI_CMF + ROC_MOMENTUM + PVI_NVI + ADX_DMI + RSI,RF,70.45,12.16,GIỮ VÙNG HIỆN TẠI,close nằm trong/gần current zone,3,2,0,60.0,40.0,GIỮ VÙNG HIỆN TẠI
ACB,BANK,BANK,2026-05-19,23.0,,22.40-22.52,strong,,24.52-24.65,strong,26.05-26.18,ROC_MOMENTUM + MFI_CMF + TRIX + ICHIMOKU + SR_CLUSTER,LOG,24.27,91.11,GIỮ TRÊN HỖ TRỢ,trên S1 khoảng 2.35%,0,4,1,0.0,80.0,GIỮ GIÁ NHƯNG CORE12 YẾU
ANV,OTHER,ALL,2026-05-19,22.75,22.67-22.83,21.77-21.93,weak,,25.27-25.44,strong,27.96-28.12,MFI_CMF + ROC_MOMENTUM + PVI_NVI + ADX_DMI + RSI,RF,70.45,12.16,GIỮ VÙNG HIỆN TẠI,close nằm trong/gần current zone,0,4,1,0.0,80.0,GIỮ GIÁ NHƯNG CORE12 YẾU
APH,OTHER,ALL,2026-05-19,5.78,5.73-5.78,5.43-5.48,strong,,6.36-6.40,strong,6.79-6.83,MFI_CMF + ROC_MOMENTUM + PVI_NVI + ADX_DMI + RSI,RF,70.45,12.16,GIỮ VÙNG HIỆN TẠI,close nằm trong/gần current zone,3,1,1,60.0,20.0,GIỮ HỖ TRỢ / CORE12 ỦNG HỘ
BCG,BDS,BDS,2025-10-08,2.53,,,,,2.78-2.80,strong,2.96-2.98,SUPERTREND + MA_EMA_WMA + TRIX + VWAP_VWMA + PVI_NVI,ET,100.0,20.84,CHƯA CÓ S1 RÕ,không đủ cụm hỗ trợ major,0,3,2,0.0,60.0,GIỮ GIÁ NHƯNG CORE12 YẾU
BCM,OTHER,ALL,2026-05-19,56.7,56.24-56.70,54.58-55.03,strong,49.52-49.98,58.75-59.21,weak,63.39-63.84,MFI_CMF + ROC_MOMENTUM + PVI_NVI + ADX_DMI + RSI,RF,70.45,12.16,GIỮ VÙNG HIỆN TẠI,close nằm trong/gần current zone,3,1,1,60.0,20.0,GIỮ HỖ TRỢ / CORE12 ỦNG HỘ
BIC,OTHER,ALL,2026-05-19,23.3,23.25-23.40,22.36-22.50,medium,,24.11-24.26,strong,25.88-26.02,MFI_CMF + ROC_MOMENTUM + PVI_NVI + ADX_DMI + RSI,RF,70.45,12.16,GIỮ VÙNG HIỆN TẠI,close nằm trong/gần current zone,3,2,0,60.0,40.0,GIỮ VÙNG HIỆN TẠI
BID,BANK,BANK,2026-05-19,45.0,,42.86-43.22,strong,39.33-39.69,45.92-46.28,weak,49.32-49.68,ROC_MOMENTUM + MFI_CMF + TRIX + ICHIMOKU + SR_CLUSTER,LOG,24.27,91.11,GIỮ TRÊN HỖ TRỢ,trên S1 khoảng 4.36%,1,1,3,20.0,20.0,GIỮ TRÊN HỖ TRỢ
BSI,CHUNG_KHOAN,CHUNG_KHOAN,2026-05-07,35.25,35.22-35.50,33.96-34.24,weak,31.71-31.99,36.93-37.21,strong,40.27-40.55,MFI_CMF + SR_CLUSTER + VWAP_VWMA + ROC_MOMENTUM + RSI,ET,100.0,50.0,GIỮ VÙNG HIỆN TẠI,close nằm trong/gần current zone,3,2,0,60.0,40.0,GIỮ VÙNG HIỆN TẠI
BSR,ENERGY_UTIL,ALL,2026-05-07,25.6,25.32-25.52,24.52-24.73,strong,23.08-23.29,27.80-28.00,weak,29.55-29.75,MFI_CMF + ROC_MOMENTUM + PVI_NVI + ADX_DMI + RSI,RF,70.45,12.16,GIỮ VÙNG HIỆN TẠI,close nằm trong/gần current zone,4,1,0,80.0,20.0,GIỮ HỖ TRỢ / CORE12 ỦNG HỘ
BVH,OTHER,ALL,2026-05-07,67.4,67.03-67.57,59.64-60.17,medium,55.92-56.46,70.20-70.74,medium,77.67-78.21,MFI_CMF + ROC_MOMENTUM + PVI_NVI + ADX_DMI + RSI,RF,70.45,12.16,GIỮ VÙNG HIỆN TẠI,close nằm trong/gần current zone,0,3,2,0.0,60.0,GIỮ GIÁ NHƯNG CORE12 YẾU
BWE,OTHER,ALL,2026-05-19,43.9,43.94-44.18,42.73-42.97,strong,,46.52-46.76,strong,49.01-49.25,MFI_CMF + ROC_MOMENTUM + PVI_NVI + ADX_DMI + RSI,RF,70.45,12.16,GIỮ VÙNG HIỆN TẠI,close nằm trong/gần current zone,1,3,1,20.0,60.0,GIỮ GIÁ NHƯNG CORE12 YẾU
CEO,BDS,BDS,2026-05-19,18.0,18.07-18.21,17.49-17.64,medium,16.18-16.32,20.43-20.57,medium,21.80-21.95,SUPERTREND + MA_EMA_WMA + TRIX + VWAP_VWMA + PVI_NVI,ET,100.0,20.84,GIỮ VÙNG HIỆN TẠI,close nằm trong/gần current zone,0,4,1,0.0,80.0,GIỮ GIÁ NHƯNG CORE12 YẾU
CTD,OTHER,ALL,2026-05-19,73.2,73.31-73.90,71.30-71.89,strong,66.18-66.77,75.40-75.99,strong,80.77-81.35,MFI_CMF + ROC_MOMENTUM + PVI_NVI + ADX_DMI + RSI,RF,70.45,12.16,GIỮ VÙNG HIỆN TẠI,close nằm trong/gần current zone,2,2,1,40.0,40.0,GIỮ VÙNG HIỆN TẠI
CTG,BANK,BANK,2026-05-19,36.45,36.28-36.53,34.48-34.73,strong,32.38-32.62,38.63-38.87,weak,43.38-43.62,ROC_MOMENTUM + MFI_CMF + TRIX + ICHIMOKU + SR_CLUSTER,LOG,24.27,91.11,GIỮ VÙNG HIỆN TẠI,close nằm trong/gần current zone,2,2,1,40.0,40.0,GIỮ VÙNG HIỆN TẠI
CTR,OTHER,ALL,2026-05-19,89.0,88.67-89.37,84.96-85.66,strong,79.25-79.95,93.35-94.05,medium,102.15-102.85,MFI_CMF + ROC_MOMENTUM + PVI_NVI + ADX_DMI + RSI,RF,70.45,12.16,GIỮ VÙNG HIỆN TẠI,close nằm trong/gần current zone,3,1,1,60.0,20.0,GIỮ HỖ TRỢ / CORE12 ỦNG HỘ
CTS,CHUNG_KHOAN,CHUNG_KHOAN,2026-05-19,28.9,,27.79-28.02,weak,25.63-25.87,29.13-29.37,weak,32.35-32.58,MFI_CMF + SR_CLUSTER + VWAP_VWMA + ROC_MOMENTUM + RSI,ET,100.0,50.0,GIỮ TRÊN HỖ TRỢ,trên S1 khoảng 3.46%,2,1,2,40.0,20.0,GIỮ TRÊN HỖ TRỢ
D2D,OTHER,ALL,2026-05-19,33.7,33.65-33.75,,,,36.06-36.16,strong,37.95-38.05,MFI_CMF + ROC_MOMENTUM + PVI_NVI + ADX_DMI + RSI,RF,70.45,12.16,GIỮ VÙNG HIỆN TẠI,close nằm trong/gần current zone,0,5,0,0.0,100.0,GIỮ GIÁ NHƯNG CORE12 YẾU
DAT,OTHER,ALL,2026-05-15,8.38,8.37-8.44,8.07-8.14,strong,7.28-7.34,8.69-8.76,strong,9.26-9.32,MFI_CMF + ROC_MOMENTUM + PVI_NVI + ADX_DMI + RSI,RF,70.45,12.16,GIỮ VÙNG HIỆN TẠI,close nằm trong/gần current zone,1,3,1,20.0,60.0,GIỮ GIÁ NHƯNG CORE12 YẾU
DBC,OTHER,ALL,2026-05-11,22.55,,22.23-22.37,strong,,23.61-23.75,medium,24.90-25.04,MFI_CMF + ROC_MOMENTUM + PVI_NVI + ADX_DMI + RSI,RF,70.45,12.16,TEST S1 / CHƯA GÃY RÕ,close sát S1 22.23-22.37,2,3,0,40.0,60.0,TEST HỖ TRỢ - RỦI RO GÃY CAO
DCM,STEEL_MATERIAL,ALL,2026-05-19,44.75,44.77-45.13,42.83-43.19,medium,39.82-40.18,47.82-48.18,weak,52.72-53.08,MFI_CMF + ROC_MOMENTUM + PVI_NVI + ADX_DMI + RSI,RF,70.45,12.16,GIỮ VÙNG HIỆN TẠI,close nằm trong/gần current zone,4,0,1,80.0,0.0,GIỮ HỖ TRỢ / CORE12 ỦNG HỘ
DGC,STEEL_MATERIAL,ALL,2026-05-19,51.3,51.46-51.87,48.04-48.46,weak,,57.14-57.56,medium,62.38-62.79,MFI_CMF + ROC_MOMENTUM + PVI_NVI + ADX_DMI + RSI,RF,70.45,12.16,GIỮ VÙNG HIỆN TẠI,close nằm trong/gần current zone,1,4,0,20.0,80.0,GIỮ GIÁ NHƯNG CORE12 YẾU
DGW,RETAIL_CONSUMER,RETAIL_CONSUMER,2026-05-11,41.65,41.28-41.62,39.85-40.18,strong,37.43-37.77,42.34-42.68,strong,45.14-45.47,MFI_CMF + VWAP_VWMA + ROC_MOMENTUM + MA_EMA_WMA + PVI_NVI,ET,80.0,58.34,GIỮ VÙNG HIỆN TẠI,close nằm trong/gần current zone,1,3,1,20.0,60.0,GIỮ GIÁ NHƯNG CORE12 YẾU
DIG,BDS,BDS,2026-05-19,14.85,,14.57-14.69,medium,13.34-13.46,15.09-15.21,strong,16.44-16.56,SUPERTREND + MA_EMA_WMA + TRIX + VWAP_VWMA + PVI_NVI,ET,100.0,20.84,TEST S1 / CHƯA GÃY RÕ,close sát S1 14.57-14.69,0,3,2,0.0,60.0,TEST HỖ TRỢ - RỦI RO GÃY CAO
DPM,STEEL_MATERIAL,ALL,2026-05-19,27.85,27.69-27.91,25.65-25.87,strong,23.72-23.94,29.59-29.81,weak,31.74-31.96,MFI_CMF + ROC_MOMENTUM + PVI_NVI + ADX_DMI + RSI,RF,70.45,12.16,GIỮ VÙNG HIỆN TẠI,close nằm trong/gần current zone,4,0,1,80.0,0.0,GIỮ HỖ TRỢ / CORE12 ỦNG HỘ
DPR,OTHER,ALL,2026-05-19,43.4,43.19-43.53,39.34-39.69,strong,36.47-36.82,44.83-45.17,weak,48.33-48.67,MFI_CMF + ROC_MOMENTUM + PVI_NVI + ADX_DMI + RSI,RF,70.45,12.16,GIỮ VÙNG HIỆN TẠI,close nằm trong/gần current zone,4,0,1,80.0,0.0,GIỮ HỖ TRỢ / CORE12 ỦNG HỘ
DXG,BDS,BDS,2026-05-19,15.9,15.80-15.92,15.27-15.39,strong,14.28-14.40,16.44-16.56,weak,17.80-17.93,SUPERTREND + MA_EMA_WMA + TRIX + VWAP_VWMA + PVI_NVI,ET,100.0,20.84,GIỮ VÙNG HIỆN TẠI,close nằm trong/gần current zone,0,2,3,0.0,40.0,GIỮ GIÁ NHƯNG CORE12 YẾU
EVF,OTHER,ALL,2026-05-19,13.9,13.84-13.96,12.61-12.72,strong,11.13-11.24,14.36-14.48,strong,15.19-15.31,MFI_CMF + ROC_MOMENTUM + PVI_NVI + ADX_DMI + RSI,RF,70.45,12.16,GIỮ VÙNG HIỆN TẠI,close nằm trong/gần current zone,3,1,1,60.0,20.0,GIỮ HỖ TRỢ / CORE12 ỦNG HỘ
FCN,OTHER,ALL,2026-05-19,13.0,12.89-12.99,12.47-12.57,strong,11.35-11.45,13.55-13.66,strong,14.72-14.82,MFI_CMF + ROC_MOMENTUM + PVI_NVI + ADX_DMI + RSI,RF,70.45,12.16,GIỮ VÙNG HIỆN TẠI,close nằm trong/gần current zone,1,2,2,20.0,40.0,GIỮ VÙNG HIỆN TẠI
FIT,OTHER,ALL,2026-05-19,4.1,4.10-4.14,,,,4.22-4.25,strong,4.57-4.60,MFI_CMF + ROC_MOMENTUM + PVI_NVI + ADX_DMI + RSI,RF,70.45,12.16,GIỮ VÙNG HIỆN TẠI,close nằm trong/gần current zone,1,4,0,20.0,80.0,GIỮ GIÁ NHƯNG CORE12 YẾU
FMC,OTHER,ALL,2026-05-11,36.15,,35.01-35.23,strong,32.84-33.06,36.62-36.85,strong,43.27-43.49,MFI_CMF + ROC_MOMENTUM + PVI_NVI + ADX_DMI + RSI,RF,70.45,12.16,GIỮ TRÊN HỖ TRỢ,trên S1 khoảng 2.85%,2,1,2,40.0,20.0,GIỮ TRÊN HỖ TRỢ
FOX,OTHER,ALL,2026-05-19,86.3,86.15-86.85,82.44-83.13,medium,76.69-77.38,89.00-89.69,medium,109.55-110.25,MFI_CMF + ROC_MOMENTUM + PVI_NVI + ADX_DMI + RSI,RF,70.45,12.16,GIỮ VÙNG HIỆN TẠI,close nằm trong/gần current zone,4,1,0,80.0,20.0,GIỮ HỖ TRỢ / CORE12 ỦNG HỘ
FPT,OTHER,ALL,2026-05-19,74.8,,73.24-73.84,medium,,75.78-76.38,strong,81.00-81.60,MFI_CMF + ROC_MOMENTUM + PVI_NVI + ADX_DMI + RSI,RF,70.45,12.16,GIỮ TRÊN HỖ TRỢ,trên S1 khoảng 1.68%,2,3,0,40.0,60.0,GIỮ TRÊN HỖ TRỢ
FRT,RETAIL_CONSUMER,RETAIL_CONSUMER,2026-05-11,140.5,,134.28-135.40,medium,125.04-126.16,142.09-143.22,strong,156.13-157.25,MFI_CMF + VWAP_VWMA + ROC_MOMENTUM + MA_EMA_WMA + PVI_NVI,ET,80.0,58.34,GIỮ TRÊN HỖ TRỢ,trên S1 khoảng 4.03%,0,3,2,0.0,60.0,GIỮ GIÁ NHƯNG CORE12 YẾU
FTS,CHUNG_KHOAN,CHUNG_KHOAN,2026-05-07,26.6,,24.89-25.11,weak,,26.77-26.98,strong,29.64-29.86,MFI_CMF + SR_CLUSTER + VWAP_VWMA + ROC_MOMENTUM + RSI,ET,100.0,50.0,GIỮ TRÊN HỖ TRỢ,trên S1 khoảng 6.02%,1,3,1,20.0,60.0,GIỮ GIÁ NHƯNG CORE12 YẾU
GAS,ENERGY_UTIL,ALL,2026-05-19,92.8,,78.02-78.77,strong,72.83-73.57,99.17-99.91,medium,110.50-111.24,MFI_CMF + ROC_MOMENTUM + PVI_NVI + ADX_DMI + RSI,RF,70.45,12.16,GIỮ TRÊN HỖ TRỢ,trên S1 khoảng 15.53%,3,2,0,60.0,40.0,GIỮ TRÊN HỖ TRỢ
GEG,OTHER,ALL,2026-05-07,14.5,14.42-14.52,13.96-14.07,medium,,15.35-15.46,strong,16.21-16.32,MFI_CMF + ROC_MOMENTUM + PVI_NVI + ADX_DMI + RSI,RF,70.45,12.16,GIỮ VÙNG HIỆN TẠI,close nằm trong/gần current zone,1,3,1,20.0,60.0,GIỮ GIÁ NHƯNG CORE12 YẾU
GEX,STEEL_MATERIAL,ALL,2026-05-19,35.6,35.72-36.00,33.55-33.83,weak,30.64-30.93,38.50-38.78,weak,45.17-45.45,MFI_CMF + ROC_MOMENTUM + PVI_NVI + ADX_DMI + RSI,RF,70.45,12.16,GIỮ VÙNG HIỆN TẠI,close nằm trong/gần current zone,4,0,1,80.0,0.0,GIỮ HỖ TRỢ / CORE12 ỦNG HỘ
GIL,OTHER,ALL,2026-05-19,12.8,12.70-12.80,,,,13.32-13.42,strong,14.10-14.20,MFI_CMF + ROC_MOMENTUM + PVI_NVI + ADX_DMI + RSI,RF,70.45,12.16,GIỮ VÙNG HIỆN TẠI,close nằm trong/gần current zone,0,3,2,0.0,60.0,GIỮ GIÁ NHƯNG CORE12 YẾU
GVR,OTHER,ALL,2026-05-19,38.75,,37.37-37.68,weak,34.01-34.32,43.65-43.96,weak,46.34-46.66,MFI_CMF + ROC_MOMENTUM + PVI_NVI + ADX_DMI + RSI,RF,70.45,12.16,GIỮ TRÊN HỖ TRỢ,trên S1 khoảng 3.17%,3,1,1,60.0,20.0,GIỮ HỖ TRỢ / CORE12 ỦNG HỘ
HAG,OTHER,ALL,2026-05-11,16.35,16.31-16.44,15.45-15.57,strong,14.44-14.56,16.82-16.94,strong,18.34-18.46,MFI_CMF + ROC_MOMENTUM + PVI_NVI + ADX_DMI + RSI,RF,70.45,12.16,GIỮ VÙNG HIỆN TẠI,close nằm trong/gần current zone,2,1,2,40.0,20.0,GIỮ VÙNG HIỆN TẠI
HAH,INDUSTRIAL_LOGISTICS,ALL,2026-05-19,57.4,57.09-57.50,55.36-55.76,strong,52.20-52.60,59.09-59.50,strong,62.50-62.90,MFI_CMF + ROC_MOMENTUM + PVI_NVI + ADX_DMI + RSI,RF,70.45,12.16,GIỮ VÙNG HIỆN TẠI,close nằm trong/gần current zone,3,0,2,60.0,0.0,GIỮ HỖ TRỢ / CORE12 ỦNG HỘ
HBC,OTHER,ALL,2026-05-19,5.1,5.09-5.13,4.88-4.92,strong,,5.28-5.32,strong,5.58-5.62,MFI_CMF + ROC_MOMENTUM + PVI_NVI + ADX_DMI + RSI,RF,70.45,12.16,GIỮ VÙNG HIỆN TẠI,close nằm trong/gần current zone,3,2,0,60.0,40.0,GIỮ VÙNG HIỆN TẠI
HCM,CHUNG_KHOAN,CHUNG_KHOAN,2026-05-19,29.6,,27.59-27.83,medium,25.65-25.89,29.78-30.02,weak,,MFI_CMF + SR_CLUSTER + VWAP_VWMA + ROC_MOMENTUM + RSI,ET,100.0,50.0,GIỮ TRÊN HỖ TRỢ,trên S1 khoảng 6.39%,4,0,1,80.0,0.0,GIỮ HỖ TRỢ / CORE12 ỦNG HỘ
HDB,BANK,BANK,2026-05-07,27.5,,25.92-26.10,strong,23.44-23.63,27.91-28.09,medium,29.61-29.79,ROC_MOMENTUM + MFI_CMF + TRIX + ICHIMOKU + SR_CLUSTER,LOG,24.27,91.11,GIỮ TRÊN HỖ TRỢ,trên S1 khoảng 5.42%,2,1,2,40.0,20.0,GIỮ TRÊN HỖ TRỢ
HDC,OTHER,ALL,2026-05-19,19.1,,18.27-18.42,strong,16.42-16.58,19.61-19.76,strong,21.80-21.95,MFI_CMF + ROC_MOMENTUM + PVI_NVI + ADX_DMI + RSI,RF,70.45,12.16,GIỮ TRÊN HỖ TRỢ,trên S1 khoảng 3.98%,2,2,1,40.0,40.0,GIỮ TRÊN HỖ TRỢ
HDG,OTHER,ALL,2026-05-19,24.8,,24.40-24.60,weak,,25.10-25.29,strong,26.81-27.00,MFI_CMF + ROC_MOMENTUM + PVI_NVI + ADX_DMI + RSI,RF,70.45,12.16,TEST S1 / CHƯA GÃY RÕ,close sát S1 24.40-24.60,0,4,1,0.0,80.0,TEST HỖ TRỢ - RỦI RO GÃY CAO
HHS,OTHER,ALL,2026-05-19,13.4,13.34-13.45,12.57-12.67,strong,11.45-11.55,13.72-13.82,strong,15.20-15.30,MFI_CMF + ROC_MOMENTUM + PVI_NVI + ADX_DMI + RSI,RF,70.45,12.16,GIỮ VÙNG HIỆN TẠI,close nằm trong/gần current zone,5,0,0,100.0,0.0,GIỮ HỖ TRỢ / CORE12 ỦNG HỘ
HPG,STEEL_MATERIAL,ALL,2026-05-19,26.45,26.34-26.49,25.66-25.80,strong,,27.14-27.29,strong,29.12-29.26,MFI_CMF + ROC_MOMENTUM + PVI_NVI + ADX_DMI + RSI,RF,70.45,12.16,GIỮ VÙNG HIỆN TẠI,close nằm trong/gần current zone,3,0,2,60.0,0.0,GIỮ HỖ TRỢ / CORE12 ỦNG HỘ
HPX,OTHER,ALL,2026-05-19,4.47,4.43-4.46,,,,4.79-4.82,strong,5.09-5.12,MFI_CMF + ROC_MOMENTUM + PVI_NVI + ADX_DMI + RSI,RF,70.45,12.16,GIỮ VÙNG HIỆN TẠI,close nằm trong/gần current zone,0,5,0,0.0,100.0,GIỮ GIÁ NHƯNG CORE12 YẾU
HSG,STEEL_MATERIAL,ALL,2026-05-19,12.1,12.11-12.20,11.63-11.72,strong,10.56-10.66,12.84-12.93,strong,13.60-13.70,MFI_CMF + ROC_MOMENTUM + PVI_NVI + ADX_DMI + RSI,RF,70.45,12.16,GIỮ VÙNG HIỆN TẠI,close nằm trong/gần current zone,3,1,1,60.0,20.0,GIỮ HỖ TRỢ / CORE12 ỦNG HỘ
HT1,OTHER,ALL,2026-05-19,13.9,,,,,14.41-14.52,strong,15.45-15.56,MFI_CMF + ROC_MOMENTUM + PVI_NVI + ADX_DMI + RSI,RF,70.45,12.16,CHƯA CÓ S1 RÕ,không đủ cụm hỗ trợ major,0,4,1,0.0,80.0,GIỮ GIÁ NHƯNG CORE12 YẾU
IDI,OTHER,ALL,2026-05-19,5.95,,,,,6.56-6.60,strong,6.98-7.03,MFI_CMF + ROC_MOMENTUM + PVI_NVI + ADX_DMI + RSI,RF,70.45,12.16,CHƯA CÓ S1 RÕ,không đủ cụm hỗ trợ major,1,4,0,20.0,80.0,GIỮ GIÁ NHƯNG CORE12 YẾU
KBC,INDUSTRIAL_LOGISTICS,ALL,2026-05-19,31.95,,29.37-29.63,weak,26.27-26.53,33.56-33.81,strong,35.87-36.12,MFI_CMF + ROC_MOMENTUM + PVI_NVI + ADX_DMI + RSI,RF,70.45,12.16,GIỮ TRÊN HỖ TRỢ,trên S1 khoảng 7.67%,0,3,2,0.0,60.0,GIỮ GIÁ NHƯNG CORE12 YẾU
KDC,OTHER,ALL,2026-05-11,47.8,47.87-48.25,46.47-46.86,medium,38.51-38.89,49.44-49.82,strong,52.27-52.65,MFI_CMF + ROC_MOMENTUM + PVI_NVI + ADX_DMI + RSI,RF,70.45,12.16,GIỮ VÙNG HIỆN TẠI,close nằm trong/gần current zone,2,2,1,40.0,40.0,GIỮ VÙNG HIỆN TẠI
KDH,BDS,BDS,2026-05-19,23.35,,,,,23.82-24.00,strong,25.15-25.34,SUPERTREND + MA_EMA_WMA + TRIX + VWAP_VWMA + PVI_NVI,ET,100.0,20.84,CHƯA CÓ S1 RÕ,không đủ cụm hỗ trợ major,0,5,0,0.0,100.0,GIỮ GIÁ NHƯNG CORE12 YẾU
KSB,OTHER,ALL,2026-05-19,15.8,15.71-15.79,14.61-14.69,weak,,16.44-16.53,strong,17.56-17.64,MFI_CMF + ROC_MOMENTUM + PVI_NVI + ADX_DMI + RSI,RF,70.45,12.16,GIỮ VÙNG HIỆN TẠI,close nằm trong/gần current zone,1,3,1,20.0,60.0,GIỮ GIÁ NHƯNG CORE12 YẾU
LCG,OTHER,ALL,2026-05-19,9.35,,9.09-9.15,weak,,9.95-10.01,strong,10.53-10.59,MFI_CMF + ROC_MOMENTUM + PVI_NVI + ADX_DMI + RSI,RF,70.45,12.16,GIỮ TRÊN HỖ TRỢ,trên S1 khoảng 2.46%,0,4,1,0.0,80.0,GIỮ GIÁ NHƯNG CORE12 YẾU
LHG,OTHER,ALL,2026-05-19,27.8,27.80-27.90,26.75-26.85,strong,,28.66-28.76,strong,30.33-30.42,MFI_CMF + ROC_MOMENTUM + PVI_NVI + ADX_DMI + RSI,RF,70.45,12.16,GIỮ VÙNG HIỆN TẠI,close nằm trong/gần current zone,0,3,2,0.0,60.0,GIỮ GIÁ NHƯNG CORE12 YẾU
LPB,BANK,BANK,2026-05-07,51.6,,50.42-50.83,strong,47.22-47.63,54.34-54.76,strong,,ROC_MOMENTUM + MFI_CMF + TRIX + ICHIMOKU + SR_CLUSTER,LOG,24.27,91.11,TEST S1 / CHƯA GÃY RÕ,close sát S1 50.42-50.83,4,0,1,80.0,0.0,GIỮ HỖ TRỢ / CORE12 ỦNG HỘ
MBB,BANK,BANK,2026-05-19,25.45,25.39-25.51,23.91-24.02,strong,,27.00-27.11,strong,28.74-28.86,ROC_MOMENTUM + MFI_CMF + TRIX + ICHIMOKU + SR_CLUSTER,LOG,24.27,91.11,GIỮ VÙNG HIỆN TẠI,close nằm trong/gần current zone,2,2,1,40.0,40.0,GIỮ VÙNG HIỆN TẠI
MBS,CHUNG_KHOAN,CHUNG_KHOAN,2026-05-19,20.3,20.23-20.39,19.53-19.69,weak,17.58-17.74,21.48-21.65,strong,22.63-22.80,MFI_CMF + SR_CLUSTER + VWAP_VWMA + ROC_MOMENTUM + RSI,ET,100.0,50.0,GIỮ VÙNG HIỆN TẠI,close nằm trong/gần current zone,3,2,0,60.0,40.0,GIỮ VÙNG HIỆN TẠI
MCH,OTHER,ALL,2026-05-11,128.8,,124.80-125.82,weak,105.92-106.93,137.09-138.10,strong,154.32-155.33,MFI_CMF + ROC_MOMENTUM + PVI_NVI + ADX_DMI + RSI,RF,70.45,12.16,GIỮ TRÊN HỖ TRỢ,trên S1 khoảng 2.71%,0,4,1,0.0,80.0,GIỮ GIÁ NHƯNG CORE12 YẾU
MIG,OTHER,ALL,2026-05-19,17.8,17.78-17.89,17.26-17.37,strong,14.94-15.06,19.38-19.49,medium,20.69-20.81,MFI_CMF + ROC_MOMENTUM + PVI_NVI + ADX_DMI + RSI,RF,70.45,12.16,GIỮ VÙNG HIỆN TẠI,close nằm trong/gần current zone,2,1,2,40.0,20.0,GIỮ VÙNG HIỆN TẠI
MSN,RETAIL_CONSUMER,RETAIL_CONSUMER,2026-05-19,77.1,76.82-77.44,74.03-74.65,strong,65.79-66.41,79.10-79.72,strong,85.19-85.81,MFI_CMF + VWAP_VWMA + ROC_MOMENTUM + MA_EMA_WMA + PVI_NVI,ET,80.0,58.34,GIỮ VÙNG HIỆN TẠI,close nằm trong/gần current zone,2,2,1,40.0,40.0,GIỮ VÙNG HIỆN TẠI
MWG,RETAIL_CONSUMER,RETAIL_CONSUMER,2026-05-19,79.4,79.48-80.11,76.49-77.12,strong,,82.96-83.59,strong,87.90-88.53,MFI_CMF + VWAP_VWMA + ROC_MOMENTUM + MA_EMA_WMA + PVI_NVI,ET,80.0,58.34,GIỮ VÙNG HIỆN TẠI,close nằm trong/gần current zone,0,4,1,0.0,80.0,GIỮ GIÁ NHƯNG CORE12 YẾU
NBB,OTHER,ALL,2026-05-19,17.4,17.24-17.38,16.48-16.62,weak,,17.86-18.00,strong,18.86-19.00,MFI_CMF + ROC_MOMENTUM + PVI_NVI + ADX_DMI + RSI,RF,70.45,12.16,GIỮ VÙNG HIỆN TẠI,close nằm trong/gần current zone,1,2,2,20.0,40.0,GIỮ VÙNG HIỆN TẠI
NHA,OTHER,ALL,2026-05-19,12.35,,11.68-11.77,strong,,12.61-12.71,strong,13.40-13.50,MFI_CMF + ROC_MOMENTUM + PVI_NVI + ADX_DMI + RSI,RF,70.45,12.16,GIỮ TRÊN HỖ TRỢ,trên S1 khoảng 5.10%,0,5,0,0.0,100.0,GIỮ GIÁ NHƯNG CORE12 YẾU
NKG,STEEL_MATERIAL,ALL,2026-05-19,13.8,,13.45-13.55,strong,,14.60-14.69,strong,15.90-16.00,MFI_CMF + ROC_MOMENTUM + PVI_NVI + ADX_DMI + RSI,RF,70.45,12.16,GIỮ TRÊN HỖ TRỢ,trên S1 khoảng 2.17%,0,4,1,0.0,80.0,GIỮ GIÁ NHƯNG CORE12 YẾU
NLG,BDS,BDS,2026-05-07,27.05,27.07-27.29,26.24-26.46,weak,24.09-24.31,29.65-29.87,strong,31.34-31.56,SUPERTREND + MA_EMA_WMA + TRIX + VWAP_VWMA + PVI_NVI,ET,100.0,20.84,GIỮ VÙNG HIỆN TẠI,close nằm trong/gần current zone,0,3,2,0.0,60.0,GIỮ GIÁ NHƯNG CORE12 YẾU
NVL,BDS,BDS,2026-05-19,17.05,16.90-17.04,16.26-16.40,medium,14.97-15.11,17.70-17.84,weak,20.93-21.07,SUPERTREND + MA_EMA_WMA + TRIX + VWAP_VWMA + PVI_NVI,ET,100.0,20.84,GIỮ VÙNG HIỆN TẠI,close nằm trong/gần current zone,3,1,1,60.0,20.0,GIỮ HỖ TRỢ / CORE12 ỦNG HỘ
ORS,OTHER,ALL,2026-05-19,13.8,13.77-13.88,13.34-13.45,strong,11.84-11.96,14.13-14.24,strong,15.04-15.16,MFI_CMF + ROC_MOMENTUM + PVI_NVI + ADX_DMI + RSI,RF,70.45,12.16,GIỮ VÙNG HIỆN TẠI,close nằm trong/gần current zone,4,0,1,80.0,0.0,GIỮ HỖ TRỢ / CORE12 ỦNG HỘ
PAN,OTHER,ALL,2026-05-11,33.3,33.22-33.48,32.35-32.61,strong,30.32-30.59,34.17-34.43,weak,,MFI_CMF + ROC_MOMENTUM + PVI_NVI + ADX_DMI + RSI,RF,70.45,12.16,GIỮ VÙNG HIỆN TẠI,close nằm trong/gần current zone,4,0,1,80.0,0.0,GIỮ HỖ TRỢ / CORE12 ỦNG HỘ
PC1,OTHER,ALL,2026-05-19,18.05,,,,,18.76-18.90,weak,20.42-20.56,MFI_CMF + ROC_MOMENTUM + PVI_NVI + ADX_DMI + RSI,RF,70.45,12.16,CHƯA CÓ S1 RÕ,không đủ cụm hỗ trợ major,0,4,1,0.0,80.0,GIỮ GIÁ NHƯNG CORE12 YẾU
PDR,BDS,BDS,2026-05-07,16.65,16.53-16.67,15.63-15.77,medium,14.03-14.17,17.03-17.17,weak,18.42-18.56,SUPERTREND + MA_EMA_WMA + TRIX + VWAP_VWMA + PVI_NVI,ET,100.0,20.84,GIỮ VÙNG HIỆN TẠI,close nằm trong/gần current zone,0,3,2,0.0,60.0,GIỮ GIÁ NHƯNG CORE12 YẾU
PET,OTHER,ALL,2026-05-11,48.5,48.22-48.61,44.84-45.23,strong,39.41-39.79,53.01-53.39,weak,,MFI_CMF + ROC_MOMENTUM + PVI_NVI + ADX_DMI + RSI,RF,70.45,12.16,GIỮ VÙNG HIỆN TẠI,close nằm trong/gần current zone,5,0,0,100.0,0.0,GIỮ HỖ TRỢ / CORE12 ỦNG HỘ
PHR,OTHER,ALL,2026-05-19,70.0,69.47-70.03,62.41-62.97,strong,56.89-57.45,,,,MFI_CMF + ROC_MOMENTUM + PVI_NVI + ADX_DMI + RSI,RF,70.45,12.16,GIỮ VÙNG HIỆN TẠI,close nằm trong/gần current zone,4,0,1,80.0,0.0,GIỮ HỖ TRỢ / CORE12 ỦNG HỘ
PLX,ENERGY_UTIL,ALL,2026-05-19,45.7,,41.21-41.58,strong,35.99-36.36,50.32-50.68,weak,64.62-64.98,MFI_CMF + ROC_MOMENTUM + PVI_NVI + ADX_DMI + RSI,RF,70.45,12.16,GIỮ TRÊN HỖ TRỢ,trên S1 khoảng 9.43%,3,1,1,60.0,20.0,GIỮ HỖ TRỢ / CORE12 ỦNG HỘ
PNJ,RETAIL_CONSUMER,RETAIL_CONSUMER,2026-05-19,66.3,,60.50-61.03,strong,54.56-55.10,69.90-70.43,strong,79.14-79.67,MFI_CMF + VWAP_VWMA + ROC_MOMENTUM + MA_EMA_WMA + PVI_NVI,ET,80.0,58.34,GIỮ TRÊN HỖ TRỢ,trên S1 khoảng 8.34%,1,2,2,20.0,40.0,GIỮ TRÊN HỖ TRỢ
PVD,ENERGY_UTIL,ALL,2026-05-19,35.35,,34.69-34.97,medium,31.34-31.62,36.76-37.04,medium,45.36-45.64,MFI_CMF + ROC_MOMENTUM + PVI_NVI + ADX_DMI + RSI,RF,70.45,12.16,TEST S1 / CHƯA GÃY RÕ,close sát S1 34.69-34.97,4,0,1,80.0,0.0,GIỮ HỖ TRỢ / CORE12 ỦNG HỘ
PVS,ENERGY_UTIL,ALL,2026-05-19,42.4,,41.23-41.57,strong,38.56-38.90,42.84-43.18,medium,48.83-49.17,MFI_CMF + ROC_MOMENTUM + PVI_NVI + ADX_DMI + RSI,RF,70.45,12.16,TEST S1 / CHƯA GÃY RÕ,close sát S1 41.23-41.57,3,2,0,60.0,40.0,TEST S1 / CHƯA GÃY RÕ
QCG,OTHER,ALL,2026-05-19,13.3,13.25-13.35,12.85-12.95,strong,11.95-12.05,13.98-14.09,strong,15.07-15.17,MFI_CMF + ROC_MOMENTUM + PVI_NVI + ADX_DMI + RSI,RF,70.45,12.16,GIỮ VÙNG HIỆN TẠI,close nằm trong/gần current zone,0,3,2,0.0,60.0,GIỮ GIÁ NHƯNG CORE12 YẾU
QNS,OTHER,ALL,2026-05-11,48.0,47.80-48.04,44.04-44.28,strong,41.25-41.49,,,,MFI_CMF + ROC_MOMENTUM + PVI_NVI + ADX_DMI + RSI,RF,70.45,12.16,GIỮ VÙNG HIỆN TẠI,close nằm trong/gần current zone,4,0,1,80.0,0.0,GIỮ HỖ TRỢ / CORE12 ỦNG HỘ
REE,OTHER,ALL,2026-05-19,53.0,,51.85-52.19,strong,,53.64-53.99,strong,56.60-56.95,MFI_CMF + ROC_MOMENTUM + PVI_NVI + ADX_DMI + RSI,RF,70.45,12.16,GIỮ TRÊN HỖ TRỢ,trên S1 khoảng 1.85%,2,2,1,40.0,40.0,GIỮ TRÊN HỖ TRỢ
SAB,RETAIL_CONSUMER,RETAIL_CONSUMER,2026-05-19,48.4,48.06-48.44,45.96-46.34,strong,41.96-42.35,49.71-50.09,weak,52.98-53.36,MFI_CMF + VWAP_VWMA + ROC_MOMENTUM + MA_EMA_WMA + PVI_NVI,ET,80.0,58.34,GIỮ VÙNG HIỆN TẠI,close nằm trong/gần current zone,2,0,3,40.0,0.0,GIỮ HỖ TRỢ / CORE12 ỦNG HỘ
SBT,OTHER,ALL,2026-05-19,20.65,20.62-20.69,20.03-20.10,medium,,22.43-22.50,strong,23.72-23.79,MFI_CMF + ROC_MOMENTUM + PVI_NVI + ADX_DMI + RSI,RF,70.45,12.16,GIỮ VÙNG HIỆN TẠI,close nằm trong/gần current zone,1,4,0,20.0,80.0,GIỮ GIÁ NHƯNG CORE12 YẾU
SCR,OTHER,ALL,2026-05-19,5.63,,5.44-5.48,weak,,6.03-6.07,medium,6.46-6.50,MFI_CMF + ROC_MOMENTUM + PVI_NVI + ADX_DMI + RSI,RF,70.45,12.16,GIỮ TRÊN HỖ TRỢ,trên S1 khoảng 3.02%,0,5,0,0.0,100.0,GIỮ GIÁ NHƯNG CORE12 YẾU
SHB,BANK,BANK,2026-05-07,14.1,14.04-14.14,,,,15.37-15.47,strong,16.87-16.98,ROC_MOMENTUM + MFI_CMF + TRIX + ICHIMOKU + SR_CLUSTER,LOG,24.27,91.11,GIỮ VÙNG HIỆN TẠI,close nằm trong/gần current zone,1,4,0,20.0,80.0,GIỮ GIÁ NHƯNG CORE12 YẾU
SHS,CHUNG_KHOAN,CHUNG_KHOAN,2026-05-07,17.4,17.24-17.38,16.33-16.47,weak,14.46-14.60,18.78-18.92,strong,20.50-20.64,MFI_CMF + SR_CLUSTER + VWAP_VWMA + ROC_MOMENTUM + RSI,ET,100.0,50.0,GIỮ VÙNG HIỆN TẠI,close nằm trong/gần current zone,3,2,0,60.0,40.0,GIỮ VÙNG HIỆN TẠI
SJS,OTHER,ALL,2026-05-19,54.2,,51.75-52.18,strong,46.82-47.26,55.37-55.80,strong,58.61-59.04,MFI_CMF + ROC_MOMENTUM + PVI_NVI + ADX_DMI + RSI,RF,70.45,12.16,GIỮ TRÊN HỖ TRỢ,trên S1 khoảng 4.11%,2,1,2,40.0,20.0,GIỮ TRÊN HỖ TRỢ
SKG,OTHER,ALL,2026-05-18,9.4,9.34-9.40,8.97-9.03,strong,,9.97-10.02,strong,10.67-10.73,MFI_CMF + ROC_MOMENTUM + PVI_NVI + ADX_DMI + RSI,RF,70.45,12.16,GIỮ VÙNG HIỆN TẠI,close nằm trong/gần current zone,0,3,2,0.0,60.0,GIỮ GIÁ NHƯNG CORE12 YẾU
SLS,OTHER,ALL,2026-05-19,150.5,150.52-151.19,,,,158.75-159.42,strong,172.80-173.48,MFI_CMF + ROC_MOMENTUM + PVI_NVI + ADX_DMI + RSI,RF,70.45,12.16,GIỮ VÙNG HIỆN TẠI,close nằm trong/gần current zone,0,3,2,0.0,60.0,GIỮ GIÁ NHƯNG CORE12 YẾU
SSB,BANK,BANK,2026-05-07,16.8,16.79-16.87,16.31-16.39,weak,,17.40-17.48,strong,18.96-19.04,ROC_MOMENTUM + MFI_CMF + TRIX + ICHIMOKU + SR_CLUSTER,LOG,24.27,91.11,GIỮ VÙNG HIỆN TẠI,close nằm trong/gần current zone,1,3,1,20.0,60.0,GIỮ GIÁ NHƯNG CORE12 YẾU
SSI,CHUNG_KHOAN,CHUNG_KHOAN,2026-05-19,28.5,28.51-28.70,27.49-27.68,medium,25.10-25.30,29.37-29.56,strong,31.48-31.67,MFI_CMF + SR_CLUSTER + VWAP_VWMA + ROC_MOMENTUM + RSI,ET,100.0,50.0,GIỮ VÙNG HIỆN TẠI,close nằm trong/gần current zone,3,2,0,60.0,40.0,GIỮ VÙNG HIỆN TẠI
STB,BANK,BANK,2026-05-19,71.8,,68.77-69.34,strong,60.76-61.33,76.51-77.09,weak,,ROC_MOMENTUM + MFI_CMF + TRIX + ICHIMOKU + SR_CLUSTER,LOG,24.27,91.11,GIỮ TRÊN HỖ TRỢ,trên S1 khoảng 3.82%,4,0,1,80.0,0.0,GIỮ HỖ TRỢ / CORE12 ỦNG HỘ
SZC,INDUSTRIAL_LOGISTICS,ALL,2026-05-19,25.8,,,,,27.31-27.51,strong,29.85-30.05,MFI_CMF + ROC_MOMENTUM + PVI_NVI + ADX_DMI + RSI,RF,70.45,12.16,CHƯA CÓ S1 RÕ,không đủ cụm hỗ trợ major,1,4,0,20.0,80.0,GIỮ GIÁ NHƯNG CORE12 YẾU
TCB,BANK,BANK,2026-05-19,33.0,32.77-32.98,31.94-32.14,strong,29.77-29.97,34.18-34.38,strong,36.04-36.24,ROC_MOMENTUM + MFI_CMF + TRIX + ICHIMOKU + SR_CLUSTER,LOG,24.27,91.11,GIỮ VÙNG HIỆN TẠI,close nằm trong/gần current zone,3,1,1,60.0,20.0,GIỮ HỖ TRỢ / CORE12 ỦNG HỘ
TCH,OTHER,ALL,2026-05-19,16.7,16.60-16.73,15.42-15.55,strong,14.38-14.52,17.77-17.90,strong,19.51-19.64,MFI_CMF + ROC_MOMENTUM + PVI_NVI + ADX_DMI + RSI,RF,70.45,12.16,GIỮ VÙNG HIỆN TẠI,close nằm trong/gần current zone,1,2,2,20.0,40.0,GIỮ VÙNG HIỆN TẠI
TIG,OTHER,ALL,2026-05-19,6.6,6.58-6.63,6.37-6.43,strong,,6.86-6.92,medium,7.37-7.43,MFI_CMF + ROC_MOMENTUM + PVI_NVI + ADX_DMI + RSI,RF,70.45,12.16,GIỮ VÙNG HIỆN TẠI,close nằm trong/gần current zone,1,4,0,20.0,80.0,GIỮ GIÁ NHƯNG CORE12 YẾU
TMS,OTHER,ALL,2026-05-18,38.8,38.46-38.77,,,,40.04-40.35,strong,42.83-43.15,MFI_CMF + ROC_MOMENTUM + PVI_NVI + ADX_DMI + RSI,RF,70.45,12.16,GIỮ VÙNG HIỆN TẠI,close nằm trong/gần current zone,1,3,1,20.0,60.0,GIỮ GIÁ NHƯNG CORE12 YẾU
TNG,OTHER,ALL,2026-05-19,19.4,19.38-19.54,17.55-17.71,strong,16.15-16.31,19.96-20.12,strong,22.53-22.69,MFI_CMF + ROC_MOMENTUM + PVI_NVI + ADX_DMI + RSI,RF,70.45,12.16,GIỮ VÙNG HIỆN TẠI,close nằm trong/gần current zone,2,2,1,40.0,40.0,GIỮ VÙNG HIỆN TẠI
TPB,BANK,BANK,2026-05-07,16.15,16.13-16.22,15.65-15.75,strong,,17.48-17.57,strong,18.73-18.82,ROC_MOMENTUM + MFI_CMF + TRIX + ICHIMOKU + SR_CLUSTER,LOG,24.27,91.11,GIỮ VÙNG HIỆN TẠI,close nằm trong/gần current zone,2,3,0,40.0,60.0,GIỮ VÙNG HIỆN TẠI
TV2,OTHER,ALL,2026-05-19,32.55,32.58-32.84,30.30-30.56,strong,,34.36-34.62,strong,36.33-36.60,MFI_CMF + ROC_MOMENTUM + PVI_NVI + ADX_DMI + RSI,RF,70.45,12.16,GIỮ VÙNG HIỆN TẠI,close nằm trong/gần current zone,0,4,1,0.0,80.0,GIỮ GIÁ NHƯNG CORE12 YẾU
VCB,BANK,BANK,2026-05-07,60.5,60.23-60.70,58.45-58.92,strong,,63.35-63.83,strong,67.86-68.34,ROC_MOMENTUM + MFI_CMF + TRIX + ICHIMOKU + SR_CLUSTER,LOG,24.27,91.11,GIỮ VÙNG HIỆN TẠI,close nằm trong/gần current zone,3,2,0,60.0,40.0,GIỮ VÙNG HIỆN TẠI
VCG,OTHER,ALL,2026-05-19,21.35,21.26-21.44,20.11-20.29,weak,18.41-18.59,23.16-23.33,strong,24.46-24.64,MFI_CMF + ROC_MOMENTUM + PVI_NVI + ADX_DMI + RSI,RF,70.45,12.16,GIỮ VÙNG HIỆN TẠI,close nằm trong/gần current zone,2,1,2,40.0,20.0,GIỮ VÙNG HIỆN TẠI
VCI,CHUNG_KHOAN,CHUNG_KHOAN,2026-05-19,26.1,25.96-26.17,25.30-25.51,strong,23.60-23.80,26.81-27.02,strong,29.79-30.00,MFI_CMF + SR_CLUSTER + VWAP_VWMA + ROC_MOMENTUM + RSI,ET,100.0,50.0,GIỮ VÙNG HIỆN TẠI,close nằm trong/gần current zone,3,1,1,60.0,20.0,GIỮ HỖ TRỢ / CORE12 ỦNG HỘ
VGC,INDUSTRIAL_LOGISTICS,ALL,2026-05-19,44.4,44.00-44.35,42.69-43.05,strong,39.97-40.33,47.19-47.55,strong,50.32-50.68,MFI_CMF + ROC_MOMENTUM + PVI_NVI + ADX_DMI + RSI,RF,70.45,12.16,GIỮ VÙNG HIỆN TẠI,close nằm trong/gần current zone,1,3,1,20.0,60.0,GIỮ GIÁ NHƯNG CORE12 YẾU
VHC,OTHER,ALL,2026-05-19,59.0,58.85-59.32,57.28-57.75,strong,52.66-53.14,60.57-61.05,strong,65.06-65.54,MFI_CMF + ROC_MOMENTUM + PVI_NVI + ADX_DMI + RSI,RF,70.45,12.16,GIỮ VÙNG HIỆN TẠI,close nằm trong/gần current zone,1,2,2,20.0,40.0,GIỮ VÙNG HIỆN TẠI
VHM,BDS,BDS,2026-05-19,152.2,150.37-151.59,144.71-145.93,weak,130.83-132.05,154.84-156.06,weak,172.69-173.91,SUPERTREND + MA_EMA_WMA + TRIX + VWAP_VWMA + PVI_NVI,ET,100.0,20.84,GIỮ VÙNG HIỆN TẠI,close nằm trong/gần current zone,4,1,0,80.0,20.0,GIỮ HỖ TRỢ / CORE12 ỦNG HỘ
VIB,BANK,BANK,2026-05-19,15.95,15.90-15.99,15.32-15.40,weak,,16.30-16.39,strong,17.22-17.31,ROC_MOMENTUM + MFI_CMF + TRIX + ICHIMOKU + SR_CLUSTER,LOG,24.27,91.11,GIỮ VÙNG HIỆN TẠI,close nằm trong/gần current zone,2,2,1,40.0,40.0,GIỮ VÙNG HIỆN TẠI
VIC,BDS,BDS,2026-05-19,221.1,,189.33-191.10,medium,175.91-177.68,230.62-232.38,weak,,SUPERTREND + MA_EMA_WMA + TRIX + VWAP_VWMA + PVI_NVI,ET,100.0,20.84,GIỮ TRÊN HỖ TRỢ,trên S1 khoảng 13.97%,4,1,0,80.0,20.0,GIỮ HỖ TRỢ / CORE12 ỦNG HỘ
VIX,CHUNG_KHOAN,CHUNG_KHOAN,2026-05-19,19.2,19.29-19.45,18.07-18.23,strong,15.77-15.93,20.36-20.51,medium,22.20-22.35,MFI_CMF + SR_CLUSTER + VWAP_VWMA + ROC_MOMENTUM + RSI,ET,100.0,50.0,GIỮ VÙNG HIỆN TẠI,close nằm trong/gần current zone,5,0,0,100.0,0.0,GIỮ HỖ TRỢ / CORE12 ỦNG HỘ
VJC,OTHER,ALL,2026-05-07,181.4,179.59-181.04,169.71-171.16,strong,159.03-160.48,185.91-187.36,medium,200.47-201.93,MFI_CMF + ROC_MOMENTUM + PVI_NVI + ADX_DMI + RSI,RF,70.45,12.16,GIỮ VÙNG HIỆN TẠI,close nằm trong/gần current zone,4,0,1,80.0,0.0,GIỮ HỖ TRỢ / CORE12 ỦNG HỘ
VND,CHUNG_KHOAN,CHUNG_KHOAN,2026-05-19,17.2,17.11-17.24,16.41-16.55,strong,14.23-14.37,18.71-18.85,strong,19.80-19.93,MFI_CMF + SR_CLUSTER + VWAP_VWMA + ROC_MOMENTUM + RSI,ET,100.0,50.0,GIỮ VÙNG HIỆN TẠI,close nằm trong/gần current zone,3,1,1,60.0,20.0,GIỮ HỖ TRỢ / CORE12 ỦNG HỘ
VNM,RETAIL_CONSUMER,RETAIL_CONSUMER,2026-05-19,60.3,59.99-60.30,58.30-58.60,weak,54.85-55.15,61.50-61.81,strong,65.85-66.15,MFI_CMF + VWAP_VWMA + ROC_MOMENTUM + MA_EMA_WMA + PVI_NVI,ET,80.0,58.34,GIỮ VÙNG HIỆN TẠI,close nằm trong/gần current zone,0,5,0,0.0,100.0,GIỮ GIÁ NHƯNG CORE12 YẾU
VOS,OTHER,ALL,2026-05-19,13.15,13.13-13.24,12.26-12.37,strong,,13.69-13.79,strong,15.03-15.13,MFI_CMF + ROC_MOMENTUM + PVI_NVI + ADX_DMI + RSI,RF,70.45,12.16,GIỮ VÙNG HIỆN TẠI,close nằm trong/gần current zone,4,0,1,80.0,0.0,GIỮ HỖ TRỢ / CORE12 ỦNG HỘ
VPB,BANK,BANK,2026-05-19,27.2,27.00-27.20,25.90-26.10,strong,24.27-24.47,27.88-28.08,strong,29.78-29.99,ROC_MOMENTUM + MFI_CMF + TRIX + ICHIMOKU + SR_CLUSTER,LOG,24.27,91.11,GIỮ VÙNG HIỆN TẠI,close nằm trong/gần current zone,3,1,1,60.0,20.0,GIỮ HỖ TRỢ / CORE12 ỦNG HỘ
VRE,BDS,BDS,2026-05-19,32.75,32.15-32.41,31.26-31.53,strong,27.32-27.58,34.81-35.07,weak,36.92-37.18,SUPERTREND + MA_EMA_WMA + TRIX + VWAP_VWMA + PVI_NVI,ET,100.0,20.84,GIỮ VÙNG HIỆN TẠI,close nằm trong/gần current zone,3,1,1,60.0,20.0,GIỮ HỖ TRỢ / CORE12 ỦNG HỘ
VSC,INDUSTRIAL_LOGISTICS,ALL,2026-05-19,21.5,21.41-21.58,18.96-19.14,medium,,22.90-23.08,strong,25.61-25.79,MFI_CMF + ROC_MOMENTUM + PVI_NVI + ADX_DMI + RSI,RF,70.45,12.16,GIỮ VÙNG HIỆN TẠI,close nằm trong/gần current zone,1,2,2,20.0,40.0,GIỮ VÙNG HIỆN TẠI
VTP,OTHER,ALL,2026-05-19,71.3,70.83-71.40,68.46-69.03,strong,62.61-63.19,74.56-75.13,strong,81.51-82.08,MFI_CMF + ROC_MOMENTUM + PVI_NVI + ADX_DMI + RSI,RF,70.45,12.16,GIỮ VÙNG HIỆN TẠI,close nằm trong/gần current zone,3,2,0,60.0,40.0,GIỮ VÙNG HIỆN TẠI
